{
    "$schema": "https://schema.management.azure.com/schemas/2015-01-01/deploymentParameters.json#",
    "contentVersion": "1.0.0.0",
    "parameters": {
        "location": {
            "value": "eastasia"
        },
        "workspaceName": {
            "value": "Government989"
        },
        "storageAccountName": {
            "value": "government9898011804067"
        },
        "storageAccountId": {
            "value": "/subscriptions/9f96a08a-7fec-47e6-a0ec-fca47cd42067/resourcegroups/Government/providers/Microsoft.Storage/storageAccounts/government9898011804067"
        },
        "applicationInsightsId": {
            "value": "/subscriptions/9f96a08a-7fec-47e6-a0ec-fca47cd42067/resourcegroups/Government/providers/Microsoft.Insights/components/government9890186103578"
        },
        "applicationInsightsName": {
            "value": "government9890186103578"
        },
        "keyVaultName": {
            "value": "government9898313430839"
        },
        "keyVaultId": {
            "value": "/subscriptions/9f96a08a-7fec-47e6-a0ec-fca47cd42067/resourcegroups/Government/providers/Microsoft.KeyVault/vaults/government9898313430839"
        },
        "tagValues": {
            "value": {}
        },
        "sku": {
            "value": "Basic"
        }
    }
}