{
    "$schema": "https://schema.management.azure.com/schemas/2015-01-01/deploymentTemplate.json#",
    "contentVersion": "1.0.0.0",
    "parameters": {
        "workspaceName": {
            "type": "string",
            "metadata": {
                "description": "Specifies the name of the Azure Machine Learning workspace."
            }
        },
        "location": {
            "type": "string",
            "metadata": {
                "description": "Specifies the location for all resources."
            }
        },
        "sku": {
            "type": "string",
            "defaultValue": "Basic",
            "allowedValues": [
                "Basic",
                "Enterprise"
            ],
            "metadata": {
                "description": "Specifies the sku, also referred as 'edition' of the Azure Machine Learning workspace."
            }
        },
        "storageAccountId": {
            "type": "string",
            "defaultValue": ""
        },
        "storageAccountName": {
            "type": "string",
            "defaultValue": "[concat('sa',uniqueString(resourceGroup().id))]"
        },
        "storageAccountType": {
            "type": "string",
            "defaultValue": "Standard_LRS",
            "allowedValues": [
                "Standard_LRS",
                "Standard_GRS",
                "Standard_RAGRS",
                "Standard_ZRS",
                "Premium_LRS",
                "Premium_ZRS",
                "Standard_GZRS",
                "Standard_RAGZRS"
            ]
        },
        "keyVaultId": {
            "type": "string",
            "defaultValue": ""
        },
        "keyVaultName": {
            "type": "string",
            "defaultValue": "[concat('kv',uniqueString(resourceGroup().id))]"
        },
        "applicationInsightsId": {
            "type": "string",
            "defaultValue": ""
        },
        "applicationInsightsName": {
            "type": "string",
            "defaultValue": "[concat('ai',uniqueString(resourceGroup().id))]"
        },
        "tagValues": {
            "type": "object"
        }
    },
    "variables": {
        "tenantId": "[subscription().tenantId]",
        "storageAccount": "[if(empty(parameters('storageAccountId')), resourceId('Microsoft.Storage/storageAccounts', parameters('storageAccountName')), parameters('storageAccountId'))]",
        "keyVault": "[if(empty(parameters('KeyVaultId')), resourceId('Microsoft.KeyVault/vaults', parameters('keyVaultName')), parameters('keyVaultId'))]",
        "applicationInsights": "[if(empty(parameters('applicationInsightsId')), resourceId('Microsoft.Insights/components', parameters('applicationInsightsName')), parameters('applicationInsightsId'))]"
    },
    "resources": [
        {
            "type": "Microsoft.Storage/storageAccounts",
            "apiVersion": "2019-04-01",
            "name": "[parameters('storageAccountName')]",
            "location": "[parameters('location')]",
            "sku": {
                "name": "[parameters('storageAccountType')]"
            },
            "kind": "StorageV2",
            "properties": {
                "encryption": {
                    "services": {
                        "blob": {
                            "enabled": true
                        },
                        "file": {
                            "enabled": true
                        }
                    },
                    "keySource": "Microsoft.Storage"
                },
                "supportsHttpsTrafficOnly": true
            }
        },
        {
            "type": "Microsoft.KeyVault/vaults",
            "apiVersion": "2018-02-14",
            "name": "[parameters('keyVaultName')]",
            "location": "[parameters('location')]",
            "properties": {
                "tenantId": "[variables('tenantId')]",
                "sku": {
                    "name": "standard",
                    "family": "A"
                },
                "accessPolicies": []
            }
        },
        {
            "type": "Microsoft.Insights/components",
            "apiVersion": "2018-05-01-preview",
            "name": "[parameters('applicationInsightsName')]",
            "location": "[if(or(equals(parameters('location'),'eastus2euap'), equals(parameters('location'),'centraluseuap'), equals(parameters('location'),'westcentralus')),'southcentralus',parameters('location'))]",
            "kind": "web",
            "properties": {
                "Application_Type": "web"
            }
        },
        {
            "type": "Microsoft.MachineLearningServices/workspaces",
            "apiVersion": "2020-04-01",
            "name": "[parameters('workspaceName')]",
            "location": "[parameters('location')]",
            "dependsOn": [
                "[variables('storageAccount')]",
                "[variables('keyVault')]",
                "[variables('applicationInsights')]"
            ],
            "identity": {
                "type": "systemAssigned"
            },
            "sku": {
                "tier": "[parameters('sku')]",
                "name": "[parameters('sku')]"
            },
            "tags": "[parameters('tagValues')]",
            "properties": {
                "friendlyName": "[parameters('workspaceName')]",
                "storageAccount": "[variables('storageAccount')]",
                "keyVault": "[variables('keyVault')]",
                "applicationInsights": "[variables('applicationInsights')]"
            }
        }
    ]
}